{"cameraMode":{"drawMode":0,"name":"Shaded","section":"Shading Mode"},"sceneLighting":true,"audioPlay":false,"sceneViewState":{"showFog":true,"showMaterialUpdate":false,"showSkybox":true,"showFlares":true,"showImageEffects":true,"showParticleSystems":true},"in2DMode":false,"pivot":{"x":-27.687028884887697,"y":1.764087200164795,"z":-12.26801872253418},"rotation":{"x":-0.006298394408077002,"y":0.9895985126495361,"z":-0.13623793423175813,"w":-0.04575106129050255},"size":10.468091011047364,"orthographic":false}